,Current(A),Voltage(V),Power(W)
0,0.010148700326681137,4.997310161590576,0.050716203269461246
1,0.013987099751830101,5.0023298263549805,0.06996808627278206
2,0.010776899755001068,5.000939846038818,0.05389462740155082
3,0.01867309957742691,4.993120193481445,0.09323703057494015
4,0.013448700308799744,5.005640029907227,0.06731935261595368
5,0.012814600020647049,4.999120235443115,0.06406172627232642
6,0.01946610026061535,5.000319957733154,0.09733672963238948
7,0.01452580001205206,5.00167989730835,0.07265340191260217
8,0.01434240024536848,5.0023298263549805,0.07174541652892774
9,0.00830290000885725,4.999720096588135,0.041512176034245396
10,0.020670700818300247,4.989759922027588,0.10314183450337744
11,0.011318099685013294,5.0039801597595215,0.056635546269987014
12,0.01485660020262003,4.999330043792725,0.0742730477415754
13,0.01829889975488186,4.999330043792725,0.0914822393129322
14,0.012179600074887276,5.001669883728027,0.06091833889041531
15,0.017076199874281883,4.99921989440918,0.08536767813241752
16,0.01095299981534481,5.000579833984375,0.05477134999824784
17,0.019735999405384064,5.001930236816406,0.09871809217958116
18,0.009421899914741516,4.99714994430542,0.04708264663420181
19,0.014471500180661678,4.999750137329102,0.07235388501562134
20,0.008924700319766998,4.9982500076293945,0.04460788344136546
21,0.010858300141990185,4.997200012207031,0.05426109760210096
22,0.02082280069589615,4.999849796295166,0.1041108758176712
23,0.011967199854552746,5.000669956207275,0.05984401677258999
24,0.018507299944758415,5.001780033111572,0.09256944333049955
25,0.014024199917912483,4.9982500076293945,0.07009645734670222
26,0.01888589933514595,4.990600109100342,0.09425197128243745
27,0.009507499635219574,5.008090019226074,0.04761441403093869
28,0.007871399633586407,5.000659942626953,0.03936219284008402
29,0.016852600499987602,5.000199794769287,0.0842663695613668
30,0.012138299643993378,4.997990131378174,0.0606671018323901
31,0.01966780051589012,4.990520000457764,0.09815255183956317
32,0.014202499762177467,5.010300159454346,0.07115878682308807
33,0.012829599902033806,4.999269962310791,0.06413863341870307
34,0.017069000750780106,5.000370025634766,0.08535131972173815
35,0.011041900143027306,5.000199794769287,0.055211706829028095
36,0.01036749966442585,4.999919891357422,0.0518366677958042
37,0.015767699107527733,4.999740123748779,0.07883439788710422
38,0.010490999557077885,4.999460220336914,0.05244933495718307
39,0.018369000405073166,5.000860214233398,0.09186080330096758
40,0.010390300303697586,4.998630046844482,0.051937267293800105
41,0.013452599756419659,4.99931001663208,0.06725371671201108
42,0.016257699579000473,5.001460075378418,0.08131223536186738
43,0.01484679989516735,4.998610019683838,0.07421336271622447
44,0.02269669994711876,4.990349769592285,0.11326447135160933
45,0.011536000296473503,5.0057501792907715,0.05774633555237063
46,0.01041760016232729,5.000919818878174,0.05209758311693102
47,0.012432100251317024,4.998410224914551,0.06214073701334577
48,0.010673999786376953,5.000840187072754,0.05337896708851986
49,0.020062899217009544,4.997270107269287,0.10025972652231818
50,0.015407100319862366,4.999320030212402,0.07702502523657984
51,0.01772960089147091,5.002309799194336,0.08868895627520956
52,0.01324359979480505,4.998040199279785,0.06619204415760915
53,0.014388400129973888,4.999110221862793,0.0719291981660044
54,0.015943700447678566,5.001130104064941,0.07973652027907896
55,0.011227799579501152,5.001430034637451,0.05615505403980681
56,0.011511599645018578,4.9942498207092285,0.05749180446321045
57,0.010425900109112263,5.005119800567627,0.05218287907485797
58,0.010828199796378613,4.999549865722656,0.054136124838002786
59,0.021146800369024277,4.998879909515381,0.1057103155152479
60,0.012848000042140484,4.9995598793029785,0.06423434553996854
61,0.020031500607728958,5.003320217132568,0.10022401197015363
62,0.012880099937319756,4.99724006652832,0.06436495146766319
63,0.012197599746286869,5.000349998474121,0.060992267872733485
64,0.016267599537968636,4.998879909515381,0.0813197765063931
65,0.009397700428962708,4.999919891357422,0.04698774930778882
66,0.013803799636662006,5.00098991394043,0.06903266275700126
67,0.011250000447034836,4.999229907989502,0.05624133869971182
68,0.01846720091998577,4.987090110778809,0.09209759508182636
69,0.011626900173723698,5.009689807891846,0.05824716329767954
70,0.014317399822175503,4.998899936676025,0.07157124906443846
71,0.017235800623893738,5.002449989318848,0.08622123064689902
72,0.013859700411558151,5.000539779663086,0.06930598324220938
73,0.02043519914150238,4.998539924621582,0.10214615877639233
74,0.008962100371718407,5.000609874725342,0.04481596761709472
75,0.011063099838793278,4.99921989440918,0.05530686880793034
76,0.017881199717521667,5.001049995422363,0.0894247737654581
77,0.014667600393295288,5.000329971313477,0.07334284185384377
78,0.020677899941802025,4.99875020980835,0.10336365667247893
79,0.01304209977388382,4.999199867248535,0.06520006345824214
80,0.018718399107456207,5.003439903259277,0.09365638501937923
81,0.01161620020866394,4.998760223388672,0.058066599549988496
82,0.010782799683511257,4.999969959259033,0.0539136744942641
83,0.015959400683641434,4.99891996383667,0.07977976668832376
84,0.010371699929237366,4.999690055847168,0.05185528499843883
85,0.017476700246334076,4.999360084533691,0.08737231762088271
86,0.015198499895632267,5.00039005279541,0.07599842769553167
87,0.018041199073195457,5.002150058746338,0.09024478500383903
88,0.012242400087416172,4.999189853668213,0.06120208230155777
89,0.024915000423789024,4.997260093688965,0.12450673735204454
90,0.007468199823051691,4.9987101554870605,0.03733136629869516
91,0.009826400317251682,5.000199794769287,0.04913396484964272
92,0.011258600279688835,5.001239776611328,0.056306959547747226
93,0.011147400364279747,4.999000072479248,0.05572585522898965
94,0.017322300001978874,4.999939918518066,0.08661045926043975
95,0.010771499946713448,4.999499797821045,0.05385211180582328
96,0.018241699784994125,4.99921989440918,0.09119426847298229
97,0.01306730043143034,4.999420166015625,0.06532892529227752
98,0.01614920049905777,4.995480060577393,0.08067300908730957
99,0.017896199598908424,5.004209995269775,0.08955634091020048
100,0.014108099974691868,5.000539779663086,0.07054811513891046
101,0.01388460025191307,4.9969801902771,0.06938107240872604
102,0.00793050043284893,5.001810073852539,0.0396668569557157
103,0.009999699890613556,5.000150203704834,0.05000000144503858
104,0.01964849978685379,4.998020172119141,0.09820359828657388
105,0.015582299791276455,5.000229835510254,0.07791508032220573
106,0.015980800613760948,5.001540184020996,0.07992861644255278
107,0.014641299843788147,4.999080181121826,0.07319303187494342
108,0.020349400117993355,4.989019870758057,0.10152356154667519
109,0.012846600264310837,5.010039806365967,0.06436197870066884
110,0.01509969960898161,4.994959831237793,0.07542239301062015
111,0.005602700170129538,5.001420021057129,0.02802145680286605
112,0.012683900073170662,5.000279903411865,0.06342305063275955
113,0.017410000786185265,5.000699996948242,0.08706219087834555
114,0.015359699726104736,5.000010013580322,0.07679865243611061
115,0.021416500210762024,4.990300178527832,0.10687476482520708
116,0.01140579953789711,5.006120204925537,0.05709880351999708
117,0.011159299872815609,5.000030040740967,0.055796834597714895
118,0.016944799572229385,4.999730110168457,0.08471942463204485
119,0.011184999719262123,4.999269962310791,0.05591683312496176
120,0.008032199926674366,4.999899864196777,0.04016019532258053
121,0.013691299594938755,5.001100063323975,0.06847155927123572
122,0.010953900404274464,5.000810146331787,0.0547783762836036
123,0.01734739914536476,4.9982500076293945,0.08670663791066957
124,0.01399029977619648,4.999380111694336,0.0699428264577584
125,0.016711700707674026,4.999949932098389,0.08355766681858334
126,0.014951500110328197,4.999859809875488,0.07475540449897888
127,0.016555899754166603,4.992919921875,0.08266228170714385
128,0.014885400421917439,5.008220195770264,0.07454936301517412
129,0.011025999672710896,4.9982099533081055,0.05511026130931551
130,0.009902199730277061,5.00275993347168,0.04953832806386416
131,0.010840299539268017,5.001180171966553,0.05421429111396536
132,0.01387100014835596,5.000870227813721,0.06936707167191303
133,0.010879299603402615,4.9989800453186035,0.05438540162445227
134,0.02490290068089962,4.9957098960876465,0.12440766737285802
135,0.010528500191867352,5.000740051269531,0.05265029258927001
136,0.014356499537825584,4.999229907989502,0.07177144186353512
137,0.017202600836753845,4.998419761657715,0.08598581997433996
138,0.014134399592876434,5.001689910888672,0.07069588384015901
139,0.017262199893593788,5.001760005950928,0.08634138104250777
140,0.010285399854183197,4.9987101554870605,0.05141373270435068
141,0.01755790039896965,4.9967498779296875,0.08773243667525321
142,0.01066530030220747,5.000939846038818,0.05333652525127919
143,0.014701100066304207,4.999030113220215,0.07349124192891843
144,0.02096940018236637,4.997529983520508,0.10479520614781634
145,0.013977300375699997,5.00167989730835,0.06990998230777912
146,0.01672540046274662,5.001120090484619,0.08364573627564287
147,0.008879199624061584,4.998929977416992,0.04438649717619114
148,0.01796579919755459,4.988530158996582,0.08962293112747766
149,0.00853739958256483,5.007760047912598,0.04275324854263385
150,0.011488400399684906,4.996429920196533,0.057400987492183475
151,0.008638599887490273,5.006279945373535,0.04324724937284863
152,0.013583100400865078,4.998990058898926,0.06790178387295054
153,0.017668500542640686,4.9999799728393555,0.08834214886330471
154,0.01509809959679842,5.000100135803223,0.07549200984432236
155,0.02424990013241768,4.993599891662598,0.12109429867406973
156,0.009584899991750717,5.0004401206970215,0.047928718471618836
157,0.010005299933254719,4.999939918518066,0.050025898533026414
158,0.013322999700903893,5.000010013580322,0.0666151319154471
159,0.01059310045093298,5.000830173492432,0.05297429636586193
160,0.018093399703502655,5.002399921417236,0.09051042125497233
161,0.012662099674344063,4.997600078582764,0.06328011032752467
162,0.019092699512839317,4.993430137634277,0.09533806115620713
163,0.013284699991345406,5.004690170288086,0.06648580746191257
164,0.014188899658620358,4.999340057373047,0.0709351344333875
165,0.01730399951338768,5.0004801750183105,0.08652830651522159
166,0.01414410024881363,5.0004401206970215,0.0707267263553284
167,0.014402500353753567,5.0010199546813965,0.07202719166642746
168,0.010530400089919567,4.999489784240723,0.05264662767352046
169,0.013904299587011337,4.9923200607299805,0.06941471375863628
170,0.015179100446403027,5.00616979598999,0.07598915418508101
171,0.013908900320529938,5.000699996948242,0.06955423779042746
172,0.01738560013473034,5.000609874725342,0.08693860371175877
173,0.014125999994575977,5.000160217285156,0.07063226320224913
174,0.025392500683665276,4.992509841918945,0.12677230957413244
175,0.0073263999074697495,5.0023298263549805,0.0366490687769403
176,0.010381500236690044,4.9994401931762695,0.05190168954877716
177,0.013389499858021736,5.000259876251221,0.0669509789031375
178,0.014946799725294113,4.999149799346924,0.07472129084758272
179,0.021352000534534454,4.999589920043945,0.10675124664523139
180,0.015384799800813198,4.999070167541504,0.07690969371784373
181,0.04154229909181595,4.9936699867248535,0.20744853215434844
182,0.04075939953327179,4.997869968414307,0.20371017885793918
183,0.040668901056051254,4.998690128326416,0.20329123423876716
184,0.04576509818434715,4.991399765014648,0.2284319003232227
185,0.05396749824285507,4.994540214538574,0.2695428402519795
186,0.0656673014163971,5.003320217132568,0.3285545367811977
187,0.048937298357486725,4.994939804077148,0.2444388594698097
188,0.06628020107746124,4.9859700202941895,0.3304710955112924
189,0.050196800380945206,5.002200126647949,0.25109444122288593
190,0.07418809831142426,4.998260021209717,0.37081140583956795
191,0.049013901501894,5.0035200119018555,0.24524203702611302
192,0.07155880331993103,4.993949890136719,0.35736107797788463
193,0.05016680061817169,5.002309799194336,0.2509498783265087
194,0.06479150056838989,4.990489959716797,0.3233413330615349
195,0.0535086989402771,5.005859851837158,0.2678570477491746
196,0.05749399960041046,4.989570140838623,0.28687034368359576
197,0.06445659697055817,4.990389823913574,0.321663545605972
198,0.045957598835229874,4.988850116729736,0.22927557231375495
199,0.07224559783935547,5.0022101402282715,0.3613876620988776
200,0.044168900698423386,5.005239963531494,0.22107594692100285
201,0.0644093006849289,5.001570224761963,0.32214764050348066
202,0.03657019883394241,4.99685001373291,0.1827357985456004
203,0.03729259967803955,5.000730037689209,0.1864902233934913
204,0.02786169946193695,5.006430149078369,0.13948765219080173
205,0.024795200675725937,4.996230125427246,0.12388252858207593
206,0.01731709949672222,4.993730068206787,0.08647692045091038
207,0.030005600303411484,4.9966301918029785,0.14992688839919843
208,0.01890520006418228,4.992020130157471,0.09437513928505226
209,0.028693199157714844,4.986629962921143,0.14308236665192453
210,0.032842300832271576,5.002289772033691,0.1642867055433257
211,0.03180550038814545,4.997660160064697,0.15895308216075676
212,0.041174400597810745,4.997429847717285,0.20576617850936785
213,0.020643699914216995,5.003799915313721,0.10329694388252086
214,0.01871649920940399,4.990799903869629,0.09341030245506943
215,0.020478099584579468,4.990310192108154,0.10219206907193268
216,0.0313584990799427,4.9875102043151855,0.1564008341532226
217,0.022102199494838715,4.9982500076293945,0.110472318793704
218,0.027986599132418633,4.997710227966309,0.13986891273008162
219,0.04371029883623123,4.988259792327881,0.21803832619540842
220,0.02536669932305813,4.999939918518066,0.12683197254640355
221,0.02931389957666397,4.987760066986084,0.14621069771612483
222,0.018165500834584236,5.007229804992676,0.09095883720154951
223,0.028149299323558807,4.995120048522949,0.1406091294029821
224,0.02056789956986904,4.993539810180664,0.10270662531393882
225,0.0263350997120142,4.988329887390137,0.1313681649808398
226,0.030082400888204575,5.001609802246094,0.1504604311575406
227,0.03491409868001938,4.9921698570251465,0.1742971110155942
228,0.031149499118328094,5.008059978485107,0.15599855988435607
229,0.02088879980146885,4.995560169219971,0.10435125627102781
230,0.0324954017996788,4.987520217895508,0.1620714734645361
231,0.028095999732613564,5.006669998168945,0.14066739892983904
232,0.015126500278711319,4.994190216064453,0.07554461969523629
233,0.023902399465441704,4.992579936981201,0.11933464001687444
234,0.02969069965183735,4.992760181427002,0.14823854298040207
235,0.03950389847159386,5.003089904785156,0.197641555642889
236,0.022163400426506996,4.995490074157715,0.11071704684019856
237,0.029034599661827087,5.002120018005371,0.14523455218319725
238,0.027118299156427383,4.996620178222656,0.1354998407640835
239,0.02345459908246994,5.002719879150391,0.11733678908737488
240,0.022675300016999245,4.985420227050781,0.11304589935919296
241,0.03559200093150139,4.996580123901367,0.17783828442421878
242,0.03013470023870468,5.001150131225586,0.1507081600532416
243,0.036769699305295944,5.0015997886657715,0.18390732027467216
244,0.014946799725294113,4.995100021362305,0.07466075962711471
245,0.02014710009098053,4.995359897613525,0.10064201584768995
246,0.030703799799084663,4.973030090332031,0.1526909202883786
247,0.0273973997682333,5.003290176391602,0.1370771411190752
248,0.028782399371266365,4.997779846191406,0.14384809550274724
249,0.018559500575065613,4.997499942779541,0.09275110306190726
250,0.03256699815392494,4.997419834136963,0.16275096251272636
251,0.041383299976587296,4.992030143737793,0.20658668093046728
252,0.023035399615764618,5.006249904632568,0.11532096712959472
253,0.02605699934065342,4.977849960327148,0.12970783313411616
254,0.020532099530100822,5.005720138549805,0.10277794410453467
255,0.01959099993109703,4.987770080566406,0.0977154033047043
256,0.029363200068473816,4.98753023147583,0.14644984803438632
257,0.025059299543499947,5.000549793243408,0.1253102751510733
258,0.03238910064101219,4.999110221862793,0.1619166840914268
259,0.03328140079975128,4.9934401512146,0.16618868304214374
260,0.03601690009236336,5.000339984893799,0.18009674566376965
261,0.024786699563264847,4.997889995574951,0.12388119777056339
262,0.015202700160443783,4.997310161590576,0.0759726079954004
263,0.020551899448037148,4.991290092468262,0.10258049209639175
264,0.022302299737930298,4.988430023193359,0.11125346159894889
265,0.03339949995279312,4.991330146789551,0.16670793100207248
266,0.03119710087776184,4.995790004730225,0.15585416474168312
267,0.03801349923014641,4.992290019989014,0.18977441283151997
268,0.02789600007236004,5.005569934844971,0.13963537926463854
269,0.02099820040166378,4.992559909820557,0.1048347735037245
270,0.031703099608421326,4.988369941711426,0.15814678914573221
271,0.02436709962785244,5.000030040740967,0.12183623014499023
272,0.018257100135087967,4.99261999130249,0.09115076311765158
273,0.023800700902938843,4.994870185852051,0.11888141134247121
274,0.037261001765728,4.977680206298828,0.18547335095612993
275,0.031718600541353226,5.000010013580322,0.15859332032352036
276,0.039311401546001434,5.004889965057373,0.19674923910992348
277,0.018687499687075615,4.9948201179504395,0.09334069939119782
278,0.026544800028204918,4.990149974822998,0.1324625331924283
279,0.028783099725842476,5.002019882202148,0.14397363710007127
280,0.0223385002464056,4.994239807128906,0.11156382716215774
281,0.02000889927148819,4.995120048522949,0.09994685389988689
282,0.028981199488043785,4.991260051727295,0.14465270325581248
283,0.04113930091261864,4.99547004699707,0.20551014546338564
284,0.020826900377869606,5.005430221557617,0.10424759657275828
285,0.03035609982907772,4.982500076293945,0.15124926971436636
286,0.027337199077010155,5.007510185241699,0.13689130281410833
287,0.022607900202274323,4.99507999420166,0.11292827001128813
288,0.025502100586891174,4.992040157318115,0.12730751022572662
289,0.035124000161886215,4.991710186004639,0.175328829381316
290,0.02948880009353161,4.999320030212402,0.14742394897452193
291,0.03580399975180626,5.000770092010498,0.17904757113318404
292,0.024247299879789352,5.001979827880859,0.12128450487928433
293,0.013922800309956074,4.991660118103027,0.0694978870395202
294,0.022487299516797066,4.985509872436523,0.11211065374542883
295,0.02803250029683113,4.994890213012695,0.1400192613789173
296,0.01860620081424713,5.005650043487549,0.09313612991497422
297,0.02228490076959133,4.990580081939697,0.11121458190872513
298,0.038599900901317596,4.9889302253723145,0.1925722123029594
299,0.03471890091896057,4.992869853973389,0.17334695376136722
300,0.029785100370645523,5.008130073547363,0.14916765690985656
301,0.025015100836753845,4.993919849395752,0.12492340860330131
302,0.027215300127863884,4.98760986328125,0.13573929934989337
303,0.022367799654603004,4.999199867248535,0.11182110106393317
304,0.019983800128102303,4.992650032043457,0.09977212034992
305,0.02462789975106716,4.991849899291992,0.12293877889213789
306,0.03899469971656799,4.983479976654053,0.19432930523315406
307,0.040524598211050034,5.002419948577881,0.2027210584990602
308,0.028667200356721878,4.993289947509766,0.14314364336446772
309,0.02295590005815029,5.007969856262207,0.1149624555145845
310,0.02287689968943596,4.991700172424316,0.11419462412429127
311,0.026289500296115875,4.983349800109863,0.13100977604563724
312,0.026285499334335327,5.001220226287842,0.13145957092895344
313,0.02658119983971119,4.993919849395752,0.1327443815002889
314,0.029492700472474098,4.995570182800293,0.14733285509055172
315,0.0408019982278347,5.003320217132568,0.2041454626327326
316,0.023252900689840317,4.99832010269165,0.1162254409639214
317,0.026878099888563156,4.983089923858643,0.13393598872716517
318,0.01999559998512268,5.0064802169799805,0.10010757575216189
319,0.030196499079465866,4.9818902015686035,0.15043564288566635
320,0.027910200878977776,5.005879878997803,0.13971511299886163
321,0.0264723002910614,4.990330219268799,0.13210552011604193
322,0.047913700342178345,4.973730087280273,0.23830981298482357
323,0.062189098447561264,4.99439001083374,0.31059661206925604
324,0.06919609755277634,5.001450061798096,0.34608082638152027
325,0.06825380027294159,4.999129772186279,0.3412096050093183
326,0.06409499794244766,5.007259845733643,0.3209403095095986
327,0.039362501353025436,4.995200157165527,0.19662357294506094
328,0.03070089966058731,4.991429805755615,0.15324138562936795
329,0.02472740039229393,5.006420135498047,0.12379575522250263
330,0.02285029925405979,4.996500015258789,0.11417152057157764
331,0.025431599467992783,4.9837799072265625,0.12674549443721617
332,0.03231300041079521,4.998990058898926,0.16153236782676217
333,0.02476009912788868,5.003069877624512,0.1238765061137368
334,0.020367300137877464,4.992380142211914,0.10168130475880943
335,0.03386659920215607,4.985380172729492,0.1688378721802053
336,0.0350399985909462,5.000040054321289,0.17520139645809252
337,0.030445199459791183,4.99560022354126,0.15209204522709108
338,0.026167500764131546,4.997920036315918,0.13078307636936515
339,0.030782600864768028,4.995550155639648,0.1537760265409851
340,0.020099200308322906,4.993589878082275,0.10036716321718941
341,0.0332988016307354,4.985400199890137,0.16600785230597026
342,0.02436150051653385,5.004740238189697,0.12192298189777606
343,0.032836899161338806,4.995699882507324,0.16404329328220513
344,0.023284800350666046,4.993259906768799,0.11626706002809684
345,0.034274399280548096,4.984220027923584,0.1708311473391575
346,0.03527510166168213,5.002530097961426,0.17646475777121395
347,0.024592900648713112,5.003170013427734,0.12304246306884892
348,0.023392800241708755,4.9947099685668945,0.11684025255995678
349,0.03131699934601784,4.982530117034912,0.15603789241669652
350,0.029551900923252106,5.003550052642822,0.14786441542023354
351,0.02150130085647106,4.996399879455566,0.10742909700740988
352,0.024598700925707817,4.993060111999512,0.12282279239915717
353,0.0362078994512558,4.983089923858643,0.18042721891963964
354,0.03023819997906685,5.004360198974609,0.151322844463877
355,0.027430500835180283,4.999159812927246,0.13712945742370053
356,0.032332099974155426,4.981070041656494,0.1610484545651083
357,0.02743780054152012,5.004960060119629,0.13732509584783692
358,0.023597700521349907,4.998569965362549,0.1179547570776398
359,0.023370999842882156,4.996689796447754,0.11677763644771133
360,0.02582870051264763,4.992410182952881,0.12894746745178232
361,0.033024899661540985,4.990690231323242,0.16481704413128284
362,0.028777899220585823,4.99629020690918,0.14378273605123226
363,0.028764599934220314,4.999780178070068,0.14381667658123032
364,0.024085000157356262,4.993410110473633,0.1202662832965018
365,0.03827749937772751,4.986879825592041,0.19088528942090122
366,0.028675099834799767,5.005350112915039,0.14352891419596503
367,0.026971599087119102,4.99075984954834,0.13460877380210867
368,0.027896299958229065,4.996640205383301,0.13938777395271984
369,0.019539300352334976,4.99560022354126,0.09761053320796442
370,0.03249359875917435,4.9833598136901855,0.16192729425864272
371,0.026828499510884285,5.001659870147705,0.13418702937986726
372,0.03214529901742935,4.994510173797607,0.16055002298231713
373,0.021818000823259354,4.998350143432617,0.10905400754435135
374,0.03298259899020195,4.9940900802612305,0.16471807043820164
375,0.03402230143547058,4.986040115356445,0.1696365597740055
376,0.029718799516558647,5.005360126495361,0.14875329410749227
377,0.024106599390506744,4.998839855194092,0.12050502980646272
378,0.023280799388885498,4.996059894561768,0.11631226814014894
379,0.027198700234293938,4.988430023193359,0.13567881284058814
380,0.03425059840083122,5.003699779510498,0.1713797116663418
381,0.026004699990153313,4.992539882659912,0.12982950183744624
382,0.02336769923567772,4.992579936981201,0.11666510637745553
383,0.03818359971046448,4.988480091094971,0.19047812696199173
384,0.029618699103593826,4.9999098777771,0.1480908262149665
385,0.027483800426125526,4.998109817504883,0.13736705273216288
386,0.030822599306702614,4.997000217437744,0.15402053543758942
387,0.025103600695729256,4.9827399253845215,0.1250847134575208
388,0.02941180020570755,4.9977498054504395,0.1469928187560221
389,0.026601500809192657,4.999149799346924,0.1329848874326025
390,0.02305690012872219,4.9975199699401855,0.11522731883820558
391,0.025864100083708763,4.992919921875,0.12913738056931834
392,0.03697130084037781,4.987969875335693,0.1844117348437777
393,0.030261000618338585,5.000120162963867,0.1513086393432168
394,0.026621699333190918,5.001890182495117,0.13315881653602446
395,0.027863899245858192,4.995619773864746,0.13919744604958417
396,0.03339890018105507,4.985779762268066,0.16651956060471562
397,0.02127940021455288,5.010159969329834,0.10661319912630152
398,0.02425380051136017,4.993110179901123,0.12110189823456352
399,0.029097599908709526,4.9846601486206055,0.14504164668545094
400,0.03392700105905533,5.003220081329346,0.1697442529979476
401,0.019924400374293327,4.999300003051758,0.09960805485200908
402,0.03310830146074295,4.996089935302734,0.16541205170298667
403,0.029992200434207916,4.988369941711426,0.14961219113178714
404,0.03341029956936836,4.993130207061768,0.16682197600679594
405,0.030393000692129135,5.0004401206970215,0.15197838004929487
406,0.026947300881147385,4.998970031738281,0.13470874954109036
407,0.023592200130224228,4.995490074157715,0.11785460157807748
408,0.025880299508571625,4.990359783172607,0.12915200584403763
409,0.031735800206661224,4.989659786224365,0.1583508460748284
410,0.02938769944012165,4.995220184326172,0.1467980294142066
411,0.029751300811767578,5.000150203704834,0.14876097281444345
412,0.02946309931576252,4.998929977416992,0.14728397039717933
413,0.032193198800086975,4.995009899139404,0.16080534669139723
414,0.02231840044260025,4.99383020401001,0.1114543022354475
415,0.032320600003004074,4.994589805603027,0.16142813928597732
416,0.03536809980869293,4.992070198059082,0.1765600370169551
417,0.01789570041000843,5.001070022583008,0.0894976508536196
418,0.02867100015282631,4.990499973297119,0.1430826254970814
419,0.032109301537275314,4.9958600997924805,0.1604135783822791
420,0.028397299349308014,4.996039867401123,0.1418740396756668
421,0.03333359956741333,4.985869884490967,0.16619699022484724
422,0.03468859940767288,4.9979400634765625,0.17337154072549765
423,0.02862429991364479,4.997779846191406,0.14305794921975235
424,0.024647099897265434,5.000189781188965,0.12324017704225021
425,0.028540899977087975,4.996190071105957,0.14259576108595517
426,0.029331300407648087,4.990610122680664,0.14638108472579603
427,0.022282399237155914,4.999350070953369,0.11139751420728672
428,0.023673299700021744,4.994939804077148,0.11824670696548623
429,0.02789679914712906,4.995279788970947,0.13935231695663575
430,0.034804701805114746,4.98390007019043,0.17346315576946836
431,0.030826199799776077,5.000100135803223,0.15413408580515764
432,0.02558480016887188,5.000639915466309,0.12794037295368987
433,0.03253059834241867,4.9811601638793945,0.16204012057041695
434,0.0329538993537426,5.002600193023682,0.1648551832679157
435,0.026508700102567673,5.0028300285339355,0.13261852089052617
436,0.01922529935836792,4.995520114898682,0.09604036965967566
437,0.028244499117136,4.995659828186035,0.14109990960671226
438,0.032000500708818436,4.981269836425781,0.1594031289313591
439,0.04061739891767502,5.004109859466553,0.20325392638982365
440,0.0419280007481575,5.000579833984375,0.2096643150205182
441,0.03140509873628616,4.997350215911865,0.1569422769505131
442,0.0240509994328022,5.004740238189697,0.12036900463002276
443,0.028023699298501015,4.991360187530518,0.13987637698586486
444,0.03354939818382263,4.988379955291748,0.1673571454122822
445,0.027020499110221863,4.997010231018066,0.1350217105009932
446,0.024326499551534653,4.993319988250732,0.12146999645485046
447,0.025234999135136604,5.001180171966553,0.1262047773142383
448,0.023221399635076523,4.99685001373291,0.11603385108542952
449,0.028338799253106117,4.992400169372559,0.14147862619102192
450,0.03329680114984512,4.988460063934326,0.16609976279276495
451,0.037063099443912506,5.003689765930176,0.1854522513811574
452,0.018106399103999138,4.996719837188721,0.09047260358300857
453,0.03031950071454048,4.997590065002441,0.15152443554682193
454,0.03699050098657608,4.990699768066406,0.18460848469436542
455,0.01740269921720028,5.0004801750183105,0.08702185242741667
456,0.028762200847268105,4.9933600425720215,0.1436200244471797
457,0.0284659992903471,4.984600067138672,0.14189162197383354
458,0.030152499675750732,5.000790119171143,0.15078632244680534
459,0.023558100685477257,5.001140117645264,0.1178173624336667
460,0.032711099833250046,4.996840000152588,0.16345213209576848
461,0.028513699769973755,4.983339786529541,0.14209345452486843
462,0.03027310036122799,4.995759963989258,0.15123714277045153
463,0.030492300167679787,4.998489856719971,0.15241545309620808
464,0.024453600868582726,4.995349884033203,0.12215429226306895
465,0.029659800231456757,4.997889995574951,0.14823641884754934
466,0.018617600202560425,4.998779773712158,0.09306528332761843
467,0.02720939926803112,4.988420009613037,0.13573191175819677
468,0.034565698355436325,4.992800235748291,0.1725796268978268
469,0.029853200539946556,5.0001702308654785,0.149271084635898
470,0.029017800465226173,5.002289772033691,0.14515544647411538
471,0.027410099282860756,4.9969801902771,0.13696772312998373
472,0.027117999270558357,4.99714994430542,0.1355127085445451
473,0.03508689999580383,4.983890056610107,0.17486925200635994
474,0.024048199877142906,5.005149841308594,0.12036484379883916
475,0.024054700508713722,4.993879795074463,0.12012628284703286
476,0.025490300729870796,4.991519927978516,0.12723534406331538
477,0.03679319843649864,4.993800163269043,0.18373788035937721
478,0.02743530087172985,4.999579906463623,0.13716497896608448
479,0.023941699415445328,4.991789817810059,0.11951193136308902
480,0.035901300609111786,4.991469860076904,0.17920025992794208
481,0.022954100742936134,5.006879806518555,0.11492842348659948
482,0.02894899994134903,4.997119903564453,0.14466162379520142
483,0.02971689961850643,4.982460021972656,0.14806326432618278
484,0.02779570035636425,5.001259803771973,0.13901351890997482
485,0.015758899971842766,5.001369953155518,0.07881608881395774
486,0.03450540080666542,4.997819900512695,0.17245177882671925
487,0.02914630062878132,4.984169960021973,0.14527011603974138
488,0.03491469845175743,4.998069763183594,0.17450609862240185
489,0.03315740078687668,4.997290134429932,0.16569715183559808
490,0.02842560037970543,4.996970176696777,0.14204187735208862
491,0.025101900100708008,4.999599933624268,0.12549945807734275
492,0.02667040005326271,4.9840898513793945,0.13292767023769514
493,0.02899719960987568,5.000100135803223,0.14498890170725254
494,0.024753699079155922,4.993470191955566,0.12360685849240305
495,0.026857100427150726,4.99714994430542,0.13420895790374132
496,0.030287999659776688,4.982289791107178,0.15090359149796306
497,0.03159879893064499,5.002170085906982,0.1580625667614619
498,0.03200960159301758,4.9964599609375,0.15993469272507355
499,0.031037500128149986,4.994080066680908,0.15500376070959998
500,0.020450200885534286,5.002270221710205,0.10229743091769983
501,0.024233099073171616,4.994190216064453,0.12102470629615425
502,0.02768939919769764,4.99675989151001,0.138357279331065
503,0.03264160081744194,4.988770008087158,0.16284143917400762
504,0.026266299188137054,4.998909950256348,0.13130286436798855
505,0.022957999259233475,4.99714994430542,0.11472456471964243
506,0.026142600923776627,4.994410037994385,0.13056686847299126
507,0.03464579954743385,4.9859299659729,0.1727415301586408
508,0.03417839854955673,5.000370025634766,0.17090463963140223
509,0.025534600019454956,5.004640102386475,0.12779148325576273
510,0.03278129920363426,4.994460105895996,0.1637248910919915
511,0.022488800808787346,4.995649814605713,0.11234617359112331
512,0.025268999859690666,4.993390083312988,0.12617797331461666
513,0.03333070129156113,4.993929862976074,0.16645118453386232
514,0.023907899856567383,5.0012102127075195,0.11956843292705344
515,0.025486299768090248,4.987559795379639,0.12711444405632033
516,0.034684598445892334,4.992280006408691,0.17315522735174227
517,0.031240100041031837,5.0010199546813965,0.15623236369144333
518,0.03151790052652359,4.99685001373291,0.1574902216787919
519,0.02325410023331642,4.9989800453186035,0.11624678303818747
520,0.02513119950890541,4.993720054626465,0.12549817498443971
521,0.02716360054910183,4.997459888458252,0.13574900417023894
522,0.031128499656915665,4.987810134887695,0.1552630460726121
523,0.025964999571442604,5.001890182495117,0.1298740764448887
524,0.030994899570941925,4.989789962768555,0.1546580387761054
525,0.027827400714159012,4.999820232391357,0.13913200110551394
526,0.027491500601172447,4.99675989151001,0.1373684275613618
527,0.037828799337148666,4.982150077819824,0.18846875556140574
528,0.03256100043654442,5.0059099197387695,0.1629974350819161
529,0.020689699798822403,5.000279903411865,0.10345429011167617
530,0.016445500776171684,4.990670204162598,0.0820740707161729
531,0.02161180041730404,4.991569995880127,0.10787681451996445
532,0.02930320054292679,4.985270023345947,0.1460843672547476
533,0.017451999709010124,4.999549865722656,0.0872521428017734
534,0.024023400619626045,4.990970134735107,0.11990007502733047
535,0.03344050049781799,4.991270065307617,0.16691056910366342
536,0.017357800155878067,4.994949817657471,0.08670134072353797
537,0.024699300527572632,4.996789932250977,0.12341721620981616
538,0.02609200030565262,4.982180118560791,0.12999504517630456
539,0.02202950045466423,5.002630233764648,0.11020544500923535
540,0.018122000619769096,4.994890213012695,0.09051740353589466
541,0.01702130027115345,4.993350028991699,0.0849933102024405
542,0.023834699764847755,4.9868998527526855,0.11886126074772374
543,0.028141599148511887,4.995359897613525,0.1405774158411912
544,0.018198300153017044,4.999639987945557,0.09098494915765976
545,0.021880200132727623,4.995460033416748,0.10930166528620067
546,0.027779700234532356,5.000820159912109,0.13892128496916456
547,0.024944499135017395,4.9971699714660645,0.12465190203077015
548,0.027416400611400604,4.9847002029418945,0.13666253769158487
549,0.020539600402116776,5.007239818572998,0.10284670499105708
550,0.015783099457621574,4.991330146789551,0.07877866013260437
551,0.02145729959011078,4.991020202636719,0.10709381574827148
552,0.029062900692224503,4.982580184936523,0.14480823310585578
553,0.018458999693393707,5.002110004425049,0.09233394703800357
554,0.02455569989979267,4.993720054626465,0.12262429104498374
555,0.026312600821256638,4.993229866027832,0.1313848642735671
556,0.030535200610756874,4.997330188751221,0.15259447983171004
557,0.018122799694538116,4.9918599128723145,0.09046647730417945
558,0.022499699145555496,4.998499870300293,0.11246474326085476
559,0.029068099334836006,4.976590156555176,0.14466001701951292
560,0.018645700067281723,5.006529808044434,0.09335025317870205
561,0.020448900759220123,4.991640090942383,0.1020735528454253
562,0.02135300077497959,4.995580196380615,0.10667062780478798
563,0.03048980049788952,4.987820148468018,0.15207764124614354
564,0.02705240063369274,5.008699893951416,0.13549735618510805
565,0.017843900248408318,4.9921698570251465,0.08907978095186753
566,0.029289299622178078,4.9835100173950195,0.1459635180696086
567,0.020980000495910645,5.000460147857666,0.10490965638183525
568,0.02010500058531761,4.998189926147461,0.10048861139072329
569,0.018999600782990456,4.990099906921387,0.09480990609874418
570,0.017310800030827522,4.9944000244140625,0.08645706009659193
571,0.02349429950118065,4.982830047607422,0.117068101501971
572,0.031194299459457397,4.999810218811035,0.15596557720604665
573,0.018107600510120392,4.996650218963623,0.09047734605379887
574,0.02372029982507229,4.988269805908203,0.11832325540449773
575,0.028968699276447296,4.992080211639404,0.14461407041488528
576,0.022531799972057343,5.007589817047119,0.11283001209981691
577,0.019365400075912476,4.994900226593018,0.09672824122723966
578,0.0168078001588583,4.9923200607299805,0.08390991790980884
579,0.0339399017393589,4.980160236358643,0.16902614906827473
580,0.00707009993493557,5.005430221557617,0.035388891883759044
581,0.010129200294613838,5.000679969787598,0.050652889023242054
582,0.013331499882042408,4.999770164489746,0.0666544353581342
583,0.015460499562323093,5.000229835510254,0.07730605118342115
584,0.025442399084568024,4.998819828033447,0.12718196901667866
585,0.011402400210499763,4.997700214385986,0.056985777976529484
586,0.014299499802291393,4.998559951782227,0.07147690704225163
587,0.014993900433182716,5.003680229187012,0.07502468315591493
588,0.010483699850738049,5.000529766082764,0.05242405316229304
589,0.018094399943947792,5.000609874725342,0.090483035036935
590,0.010623300448060036,4.9994001388549805,0.05311012973512952
591,0.01543780043721199,4.99498987197876,0.07711165682950316
592,0.011951999738812447,5.003089904785156,0.059796929235247376
593,0.014395000413060188,4.998390197753906,0.07195182896130348
594,0.020833099260926247,4.999229907989502,0.10414945290133648
595,0.0149959996342659,5.000760078430176,0.07499139630719043
596,0.01989470049738884,4.99891996383667,0.0994520154909484
597,0.009013700298964977,4.999470233917236,0.0450637263421263
598,0.010705499909818172,4.9995198249816895,0.05352235903547564
599,0.015849199146032333,5.000569820404053,0.07925502692722297
600,0.010975100100040436,5.001659870147705,0.05489371774122631
601,0.013657299801707268,5.00068998336792,0.06829592231825021
602,0.013790000230073929,4.998960018157959,0.06893565980052863
603,0.025416400283575058,4.998600006103516,0.12704641861260768
604,0.011752299964427948,4.9973602294921875,0.05873047644729468
605,0.019137900322675705,5.00275993347168,0.09574232094505675
606,0.013510099612176418,4.997310161590576,0.06751415807603012
607,0.010974500328302383,5.000360012054443,0.0548764525939216
608,0.013518599793314934,4.999639987945557,0.06758813210768988
609,0.0107872998341918,5.000699996948242,0.053944050247922704
610,0.0175222996622324,4.998809814453125,0.087590643523356
611,0.010623900219798088,4.999889850616455,0.05311833088293039
612,0.02009350061416626,5.001460075378418,0.10049684109634427
613,0.013996199704706669,4.9969801902771,0.06993873266358142
614,0.01486200001090765,5.000080108642578,0.07431119062918512
615,0.019805600866675377,4.999509811401367,0.09901829585364297
616,0.02013459987938404,4.998119831085205,0.10063514294811515
617,0.008452399633824825,5.000730037689209,0.042268168739421075
618,0.010374000295996666,4.9999098777771,0.051869066552016285
619,0.013332899659872055,4.999959945678711,0.06666396425911358
620,0.01133859995752573,5.0001702308654785,0.056694929967312735
621,0.018672799691557884,5.001530170440674,0.09339257102392207
622,0.012576100416481495,4.997389793395996,0.06284767586204776
623,0.015329400077462196,4.997859954833984,0.07661419477877729
624,0.017122600227594376,5.003859996795654,0.08567909431998366
625,0.013683700002729893,5.000060081481934,0.06841932215062396
626,0.020566800609230995,4.998050212860107,0.10279390216281836
627,0.01203100010752678,5.000329971313477,0.06015897042254181
628,0.014130800031125546,4.9936699867248535,0.07056455200384226
629,0.009728199802339077,5.005740165710449,0.04869684049062517
630,0.010672000236809254,5.000150203704834,0.053361604158019826
631,0.021667499095201492,4.9951701164245605,0.1082328439780067
632,0.014736800454556942,5.001359939575195,0.07370404343093462
633,0.017570199444890022,4.999539852142334,0.08784291233481678
634,0.014240600168704987,5.000669956207275,0.07121254142200328
635,0.02384050004184246,4.9888200759887695,0.11893596523035477
636,0.008064799942076206,5.005839824676514,0.040371096728093914
637,0.010253899730741978,5.00039005279541,0.05127349821596372
638,0.013894599862396717,5.0005598068237305,0.06948077760379956
639,0.013390500098466873,4.999060153961182,0.06693991548385902
640,0.022746499627828598,4.98868989944458,0.11347523294106843
641,0.012311600148677826,5.008580207824707,0.06166363683131948
642,0.019701100885868073,4.994009971618652,0.09838749427589022
643,0.011996599845588207,5.002810001373291,0.06001670968998196
644,0.013311300426721573,5.000639915466309,0.0665650202406276
645,0.013617499731481075,5.000569820404053,0.06809525818660456
646,0.01096929982304573,4.999080181121826,0.05483640934617107
647,0.020819000899791718,4.992549896240234,0.10393990078208049
648,0.010336199775338173,5.002729892730713,0.051709215593320756
649,0.014244399964809418,4.999499797821045,0.07121487474414678
650,0.01826309971511364,4.999080181121826,0.09129869983167627
651,0.014289500191807747,5.000889778137207,0.07146021544390102
652,0.023331699892878532,5.002659797668457,0.11672055706536888
653,0.010359000414609909,4.99685001373291,0.051762371364002746
654,0.01397900003939867,4.993599891662598,0.06980553308229265
655,0.009930799715220928,5.004980087280273,0.049703454825449356
656,0.010302799753844738,5.000189781188965,0.05151595404681064
657,0.018168700858950615,4.999420166015625,0.09083296946454311
658,0.01554889976978302,4.999000072479248,0.07772895107611788
659,0.020702499896287918,4.998610019683838,0.1034837234140884
660,0.012298899702727795,4.999919891357422,0.06149351326547858
661,0.014174199663102627,4.9999799728393555,0.07087071444653947
662,0.01838110014796257,5.000319957733154,0.09191138191494908
663,0.011613200418651104,4.998859882354736,0.05805276167854023
664,0.014954299665987492,5.001659870147705,0.07479632052553287
665,0.01046220026910305,4.999000072479248,0.052300539903538557
666,0.01351459976285696,4.998270034790039,0.06754961902686851
667,0.020742500200867653,5.000929832458496,0.10373178805429539
668,0.014602799899876118,5.000820159912109,0.07302597613046302
669,0.01712149940431118,5.000510215759277,0.08561623268037444
670,0.014958599582314491,4.999499797821045,0.07478551558746727
671,0.01853800006210804,4.989880084991455,0.09250239732548327
672,0.009355899877846241,5.008289813995361,0.046857058058977774
673,0.010590000078082085,5.00039005279541,0.05295413104954427
674,0.013360599987208843,5.000080108642578,0.06680407023557322
675,0.01317100040614605,4.998770236968994,0.0658388048213494
676,0.023829299956560135,5.003399848937988,0.11922751580295099
677,0.013436400331556797,4.995810031890869,0.06712570356889325
678,0.014623399823904037,4.999810218811035,0.0731142238733149
679,0.017622699961066246,5.0012102127075195,0.08813482702076492
680,0.011466000229120255,5.000939846038818,0.0573407774204977
681,0.017956100404262543,5.000410079956055,0.08978786545817741
682,0.010645899921655655,4.9997100830078125,0.05322641318099386
683,0.014166399836540222,4.993460178375244,0.07073935345470517
684,0.009698900394141674,5.004930019378662,0.0485423177376032
685,0.013300799764692783,4.999350070953369,0.06649535424735342
686,0.02051609940826893,4.998660087585449,0.10255300726504935
687,0.015680499374866486,5.000259876251221,0.07840657186372724
688,0.018615899607539177,5.003220081329346,0.0931394427484511
689,0.014025899581611156,4.997799873352051,0.07009863915262482
690,0.010632500052452087,5.000639915466309,0.05316930416348953
691,0.016181400045752525,4.998760223388672,0.08088693890744736
692,0.01172850001603365,5.000699996948242,0.05865070999438693
693,0.014147999696433544,5.000830173492432,0.07075174377648663
694,0.010979900136590004,4.999589920043945,0.05489499804598452
695,0.01587509922683239,4.99507999420166,0.07929739055391671
696,0.019604099914431572,5.003610134124756,0.09809127300224407
697,0.014419199898838997,5.000070095062256,0.07209701020890957
698,0.01647219993174076,5.000010013580322,0.0823611646044009
699,0.014941600151360035,5.000770092010498,0.0747195071637008
700,0.020998699590563774,4.998459815979004,0.10496115609124779
701,0.007934000343084335,4.997499942779541,0.039650166260576825
702,0.010010999627411366,4.999959945678711,0.050054597153261327
703,0.016714099794626236,4.998030185699463,0.08353757530033512
704,0.015030100010335445,5.000629901885986,0.0751599675400203
705,0.02288459986448288,5.003139972686768,0.11449485634093648
706,0.013762099668383598,4.996660232543945,0.06876453612931854
707,0.01691260002553463,4.993450164794922,0.0844522253846165
708,0.012725899927318096,5.0076799392700195,0.06372723377518863
709,0.010412699542939663,4.999629974365234,0.052059644748940315
710,0.017130600288510323,4.998909950256348,0.08563432823609851
711,0.011121599934995174,4.999020099639893,0.0555971016151946
712,0.0201324000954628,5.001910209655762,0.10070045758237
713,0.014582199975848198,4.997250080108643,0.07287089999746765
714,0.014624900184571743,5.000150203704834,0.07312669763704926
715,0.02036930061876774,4.997610092163086,0.10179782234265744
716,0.014885899610817432,5.000549793243408,0.07443768222111524
717,0.014893099665641785,5.001460075378418,0.07448724337633905
718,0.010816399939358234,4.9992499351501465,0.0540738866953947
719,0.014094100333750248,4.992179870605469,0.0703602839804418
720,0.014097100123763084,5.005929946899414,0.07056909567398506
721,0.014094499871134758,5.002089977264404,0.07050195653995761
722,0.018245700746774673,4.9994001388549805,0.09121755884693172
723,0.01476029958575964,4.999969959259033,0.07380105451846175
724,0.022791599854826927,5.002590179443359,0.11401703360755988
725,0.013308700174093246,4.996349811553955,0.06649492160685888
726,0.012288600206375122,4.995870113372803,0.06139225050621633
727,0.011413199827075005,5.004660129547119,0.05711918612511635
728,0.010264400392770767,5.000639915466309,0.051328570312417554
729,0.020334599539637566,4.996469974517822,0.10160121604364303
730,0.015519199892878532,4.999670028686523,0.0775908785736199
731,0.020016800612211227,5.002769947052002,0.10013944853890244
732,0.013452200219035149,4.997509956359863,0.06722750452957449
733,0.014209600165486336,4.999380111694336,0.07103919246246093
734,0.01667889952659607,4.999949932098389,0.08339366255547986
735,0.011865999549627304,5.000619888305664,0.05933735334249235
736,0.010760700330138206,4.9989800453186035,0.0537925262240142
737,0.013082699850201607,5.002820014953613,0.06545039266021924
738,0.01055699959397316,5.0005998611450195,0.05279133070373021
739,0.0184944998472929,4.99813985824585,0.09243809684507642
740,0.0159635990858078,4.9995198249816895,0.07981033010755567
741,0.019051799550652504,5.003139972686768,0.09531881988348534
742,0.014019099995493889,4.998219966888428,0.07007054551528302
743,0.01606840081512928,4.994719982147217,0.08025716263247684
744,0.014993799850344658,5.0042901039123535,0.0750333242111223
745,0.01481849979609251,4.9955902099609375,0.07402715250766789
746,0.009243500418961048,5.004670143127441,0.04626067056476035
747,0.010704100131988525,4.999810218811035,0.05351846922309278
748,0.01342339999973774,5.000060081481934,0.06711780649645327
749,0.011671500280499458,4.999619960784912,0.05835306577469179
750,0.022998999804258347,5.001629829406738,0.11503248346749828
751,0.014554900117218494,4.99714994430542,0.07273301831012935
752,0.019135700538754463,4.994740009307861,0.09557784908705091
753,0.01257229968905449,5.004499912261963,0.0629180726908043
754,0.010851800441741943,5.000010013580322,0.05425911087408508
755,0.01750900037586689,4.999849796295166,0.08754237196261005
756,0.011136800050735474,4.999110221862793,0.05567409097247378
757,0.01451830007135868,5.001339912414551,0.07261095360729719
758,0.01064669992774725,4.999110221862793,0.053224026437907135
759,0.015296200290322304,4.993239879608154,0.07637759729611115
760,0.01799679920077324,5.006849765777588,0.09010726986313777
761,0.015977999195456505,4.994770050048828,0.07980643184117042
762,0.015002300031483173,5.0065598487854,0.0751099129770556
763,0.013898500241339207,4.999539852142334,0.06948610584158521
764,0.013415600173175335,5.0005598068237305,0.06708551101039806
765,0.011281999759376049,5.000490188598633,0.05641552910453207
766,0.021314699202775955,4.999060153961182,0.10655346347826544
767,0.008263800293207169,4.996580123901367,0.04129074029292923
768,0.010317499749362469,4.999750137329102,0.051584920788767974
769,0.014064599759876728,4.999380111694336,0.07031428031846865
770,0.015929900109767914,5.0005998611450195,0.07965905627695946
771,0.025370199233293533,4.999159812927246,0.12682968045303866
772,0.011753500439226627,4.997290134429932,0.05873565178996509
773,0.01442550029605627,4.998660087585449,0.07210817257334856
774,0.017015699297189713,5.003159999847412,0.08513226609313129
775,0.010006999596953392,5.0001301765441895,0.0500363006613922
776,0.01730710081756115,4.999450206756592,0.08652598876071327
777,0.013117799535393715,4.998410224914551,0.06556814332609129
778,0.020576199516654015,4.997640132904053,0.10283244048707108
779,0.012494999915361404,5.000490188598633,0.06248112448330545
780,0.014551999978721142,5.000259876251221,0.07276378161280794
781,0.020401500165462494,4.996799945831299,0.10194221492166022
782,0.014540099538862705,5.002079963684082,0.0727307405733173
783,0.014720500446856022,4.999859809875488,0.07360043856548959
784,0.01037409994751215,5.000510215759277,0.05187579276684229
785,0.02169100008904934,4.994160175323486,0.1083283288076684
786,0.010994499549269676,5.000219821929932,0.054974914578457934
787,0.014874800108373165,4.999269962310791,0.07436314137716726
788,0.018278000876307487,4.999879837036133,0.09138780804277857
789,0.014479399658739567,5.000510215759277,0.0724043859115886
790,0.021741200238466263,5.000830173492432,0.10872405016046294
791,0.01184139959514141,4.998239994049072,0.05918615704195229
792,0.016484100371599197,4.997429847717285,0.08237813520979742
793,0.008835299871861935,4.9998698234558105,0.04417534921050548
794,0.010308800265192986,5.000239849090576,0.051546473882333466
795,0.016911599785089493,4.999589920043945,0.08455106381735078
796,0.0165547002106905,4.998640060424805,0.08275098766148048
797,0.018098700791597366,5.001930236816406,0.0905284387365839
798,0.014921999536454678,4.999740123748779,0.07460611980897314
799,0.015182499773800373,4.9951300621032715,0.07583856103798636
800,0.017515800893306732,5.004700183868408,0.08766133195133463
801,0.010263900272548199,5.000589847564697,0.05132555549932105
802,0.016044100746512413,5.002039909362793,0.08025323224389247
803,0.009404700249433517,4.997759819030762,0.047002433016647416
804,0.010692300274968147,4.99931001663208,0.0534541238654862
805,0.015928400680422783,5.000450134277344,0.07964917332124344
806,0.013835100457072258,5.000269889831543,0.06917923623829303
807,0.01810240000486374,4.999149799346924,0.09049660935201231
808,0.014879800379276276,5.000510215759277,0.07440659380502979
809,0.024211900308728218,5.001969814300537,0.1211071944911124
810,0.012033999897539616,4.99616003036499,0.060123789293503815
811,0.010362699627876282,4.9999098777771,0.051812564229855695
812,0.014399999752640724,5.001830101013184,0.07202635221734077
813,0.010584699921309948,4.9989800453186035,0.05291270369231382
814,0.010514000430703163,4.999889850616455,0.05256884404284978
815,0.016852200031280518,5.000470161437988,0.08426892341100256
816,0.011374600231647491,4.999430179595947,0.05686651967893752
817,0.025399599224328995,4.996679782867432,0.12691366393714
818,0.01171169988811016,4.998909950256348,0.058545733105090036
819,0.01470439974218607,4.999300003051758,0.07351170567598508
820,0.017242899164557457,5.0016398429870605,0.08624277147005888
821,0.013146299868822098,5.0005998611450195,0.06573938529860257
822,0.018902400508522987,4.988870143890381,0.09430162154482868
823,0.008282000198960304,5.006519794464111,0.04146399793385047
824,0.01030960027128458,5.000569820404053,0.05155387597701511
825,0.013643399812281132,4.999660015106201,0.06821236051156943
826,0.01110250037163496,5.000420093536377,0.05551716594681855
827,0.022199200466275215,5.001200199127197,0.11102264579240018
828,0.015052399598062038,4.997650146484375,0.0752266270561961
829,0.01908770017325878,5.002950191497803,0.09549481323705766
830,0.013405599631369114,4.998219966888428,0.06700413574562125
831,0.013680900447070599,5.000840187072754,0.06841599675105225
832,0.013563299551606178,5.000730037689209,0.0678263994778936
833,0.010815099813044071,5.000400066375732,0.054079825823005745
834,0.017279600724577904,4.998129844665527,0.08636568808541689
835,0.010839800350368023,4.999139785766602,0.05418967720129153
836,0.01668049953877926,4.999760150909424,0.08339849689125156
837,0.009748199954628944,4.997889995574951,0.048720431028104194
838,0.014947299845516682,5.0007100105285645,0.07474711196784734
839,0.02064250037074089,4.997300148010254,0.10315677015800517
840,0.015104399994015694,5.0007100105285645,0.07553272425310187
841,0.017181500792503357,5.000460147857666,0.08591540999329794
842,0.011447399854660034,5.00039005279541,0.05724146436361366
843,0.016627199947834015,4.988949775695801,0.08295226545019574
844,0.009847300127148628,5.0082502365112305,0.04931774319078919
845,0.01021919958293438,5.00078010559082,0.051103969969400254
846,0.01355110015720129,5.000619888305664,0.06776390095452278
847,0.011241300031542778,4.999380111694336,0.056199531807283876
848,0.025843100622296333,4.993480205535889,0.12904701140710895
849,0.011319899931550026,5.00124979019165,0.056613647157655045
850,0.014518500305712223,4.999199867248535,0.07258088480096436
851,0.017096299678087234,5.001530170440674,0.08550765864284848
852,0.012668900191783905,5.002140045166016,0.06337161297753369
853,0.018273500725626945,5.000349998474121,0.09137389932550555
854,0.010495600290596485,4.999100208282471,0.05246855759877045
855,0.01494939997792244,4.994070053100586,0.07465835074156502
856,0.009310499764978886,5.003729820251465,0.046587225315469105
857,0.01452619954943657,4.999360084533691,0.07262170220742448
858,0.021181900054216385,4.99753999710083,0.10585739273553862
859,0.015335200354456902,5.000500202178955,0.07668367247291652
860,0.01783199980854988,5.002679824829102,0.08920778567858889
861,0.01380509976297617,4.999090194702148,0.06901293886197912
862,0.010727999731898308,4.99832010269165,0.05362197672161795
863,0.015616100281476974,5.000879764556885,0.07809423989892927
864,0.011127700097858906,5.000889778137207,0.055648401673559
865,0.013768600299954414,5.000820159912109,0.06885429395378395
866,0.012983400374650955,4.998219966888428,0.0648938909906871
867,0.02382260002195835,4.992030143737793,0.1189231374118247
868,0.011660699732601643,5.0045599937438965,0.05835667138083833
869,0.014543900266289711,4.999629974365234,0.07271411971552055
870,0.017346199601888657,4.9994401931762695,0.08672128748854036
871,0.011162499897181988,5.001420021057129,0.055828350470814136
872,0.019737200811505318,5.002709865570068,0.09873948921845521
873,0.009846399538218975,4.996180057525635,0.04919438501127926
874,0.014510899782180786,5.002089977264404,0.07258482636153474
875,0.010463699698448181,4.998869895935059,0.05230667342267736
876,0.010794499889016151,4.999529838562012,0.05396742428749057
877,0.021256400272250175,4.997079849243164,0.10621992946790826
878,0.01559740025550127,5.000410079956055,0.0779933974587177
879,0.014286300167441368,5.000460147857666,0.07143807464762286
880,0.017732499167323112,4.998909950256348,0.0886431665304439
881,0.012551199644804,5.002029895782471,0.06278147585124394
882,0.016537699848413467,4.998040199279785,0.08265608864599372
883,0.011623100377619267,4.999229907989502,0.05810655103135831
884,0.016016600653529167,5.001760005950928,0.08011119258010968
885,0.009781899861991405,4.997829914093018,0.04888827174692301
886,0.014546999707818031,4.999340057373047,0.07272539835388869
887,0.021809499710798264,4.997849941253662,0.10900060684838486
888,0.01462860032916069,5.001389980316162,0.07316333511231399
889,0.01991499960422516,4.998779773712158,0.09955069721508636
890,0.012274100445210934,4.999720096588135,0.06136706666346248
891,0.010300200432538986,4.999899864196777,0.051499970743851264
892,0.016279200091958046,4.999499797821045,0.08138785756843259
893,0.012000099755823612,4.999740123748779,0.05999738023817924
894,0.014243699610233307,5.000500202178955,0.07122562278074795
895,0.010764000006020069,4.999470233917236,0.05381429762798229
896,0.023198800161480904,4.990039825439453,0.11576293670820093
897,0.0119396997615695,5.005259990692139,0.059761301517460286
898,0.014703099615871906,4.999340057373047,0.07350579487717468
899,0.01718210056424141,4.999370098114014,0.08589967978365642
900,0.014560500159859657,5.000999927520752,0.07281706024412404
901,0.012852899730205536,5.000589847564697,0.06427207990263284
902,0.01138710044324398,4.999859809875488,0.056933905857190936
903,0.0212887991219759,4.9924798011779785,0.10628389960780016
904,0.007457700092345476,5.0016398429870605,0.037300729918923414
905,0.01882540062069893,5.000120162963867,0.09412926521942921
906,0.013472200371325016,4.997970104217529,0.06733365469391073
907,0.014710900373756886,4.9994797706604,0.07354684882679807
908,0.019881999120116234,4.999050140380859,0.09939111049246918
909,0.014576000161468983,5.001229763031006,0.07289792583348342
910,0.013734200038015842,5.000430107116699,0.06867690736725773
911,0.010781800374388695,4.999380111694336,0.053902318359977386
912,0.02159309946000576,4.9969801902771,0.10790029024833192
913,0.007926000282168388,4.998270034790039,0.03961628970609965
914,0.010216400027275085,4.999360084533691,0.05107546250398798
915,0.016221599653363228,4.999670028686523,0.08110264560427183
916,0.012888699769973755,4.998119831085205,0.06441926591720915
917,0.015101299621164799,5.000010013580322,0.07550664932390072
918,0.02056729979813099,4.99931001663208,0.10282230789587121
919,0.014833600260317326,4.999670028686523,0.07416310663902514
920,0.022725999355316162,4.999239921569824,0.11361272323466665
921,0.0077529000118374825,4.997799873352051,0.03874744269727248
922,0.010347300209105015,4.999569892883301,0.051732050598066515
923,0.014561000280082226,5.001649856567383,0.07282902496235089
924,0.010633300058543682,4.998799800872803,0.05315373821526892
925,0.01895979978144169,4.988659858703613,0.09458399209873569
926,0.009401500225067139,5.004439830780029,0.0470492421954134
927,0.015276599675416946,4.998129844665527,0.07635442876270915
928,0.016474900767207146,5.005209922790527,0.08246033679701448
929,0.013813000172376633,5.000040054321289,0.06906555413223003
930,0.01732349954545498,4.999959945678711,0.08661680384625825
931,0.01119260024279356,5.000460147857666,0.055968151464991234
932,0.01820250041782856,5.001510143280029,0.09103999047282851
933,0.01063700020313263,4.999209880828857,0.053176596517879204
934,0.016415899619460106,4.9982500076293945,0.08205077039820985
935,0.011703000403940678,4.999040126800537,0.05850376862326234
936,0.01439059991389513,4.999450206756592,0.0719450877148744
937,0.021014699712395668,4.997010231018066,0.10501066946461357
938,0.014799400232732296,5.001190185546875,0.0740146151959209
939,0.017109699547290802,5.0001301765441895,0.0855507250180132
940,0.011435999535024166,5.000490188598633,0.05718560347170687
941,0.019887899979948997,4.990349769592285,0.09924757708261289
942,0.007678099907934666,5.004350185394287,0.0384239006977487
943,0.010242500342428684,5.000430107116699,0.051216907084433494
944,0.01577869988977909,4.999199867248535,0.07888087439433811
945,0.015368100255727768,5.000639915466309,0.07685033556368026
946,0.0223798006772995,5.002299785614014,0.11195047213013964
947,0.014229699969291687,4.997369766235352,0.07111107240913839
948,0.01949390023946762,4.995540142059326,0.09738256117156041
949,0.008735399693250656,5.003220081329346,0.04370512716370989
950,0.010357700288295746,5.000030040740967,0.0517888125944701
951,0.016843000426888466,4.999179840087891,0.08420118818069255
952,0.01153349969536066,4.999350070953369,0.05766000252034198
953,0.011366000398993492,4.998270034790039,0.0568103392097008
954,0.012876399792730808,5.0026397705078125,0.0644159897040737
955,0.014553300105035305,5.000040054321289,0.07276708344773475
956,0.021042099222540855,4.998300075531006,0.10517472613335688
957,0.015475600026547909,4.999899864196777,0.07737645047110053
958,0.018720800057053566,5.0022501945495605,0.09364612572751962
959,0.011927999556064606,4.998579978942871,0.05962305976978399
960,0.013013100251555443,4.9945502281188965,0.0649945828299403
961,0.013059300370514393,5.005119800567627,0.06536336286602173
962,0.01072979997843504,5.00167989730835,0.0536670248542781
963,0.015318999998271465,5.002039909362793,0.07662624936288243
964,0.010028200224041939,4.997900009155273,0.05011994199155012
965,0.010578099638223648,4.999939918518066,0.052889862643215935
966,0.021744199097156525,4.995029926300049,0.10861292521372334
967,0.014840500429272652,5.001200199127197,0.07422031370202564
968,0.017733599990606308,4.999839782714844,0.088665158723785
969,0.01431300025433302,4.999660015106201,0.07156013506779368
970,0.020380700007081032,4.99068021774292,0.1017135563490923
971,0.008422800339758396,5.007309913635254,0.0421755716418426
972,0.010377299971878529,5.000679969787598,0.05189355610985036
973,0.014415699988603592,5.0011701583862305,0.072095368595253
974,0.010646400041878223,4.999169826507568,0.05322316185028653
975,0.014362899586558342,4.991909980773926,0.07169830179899428
976,0.016263199970126152,5.008490085601807,0.08145407581053643
977,0.01465229969471693,4.999269962310791,0.07325080174257392
978,0.017602700740098953,4.99970006942749,0.08800822411238407
979,0.014399499632418156,5.000189781188965,0.07200023091625152
980,0.021615000441670418,5.002590179443359,0.10813098893816431
981,0.009056800045073032,4.996409893035889,0.04525148534445078
982,0.010755499824881554,4.997469902038574,0.05375028665622672
983,0.012613300234079361,5.00383996963501,0.06311493586029293
984,0.010608100332319736,5.000740051269531,0.05304835219971693
985,0.017873499542474747,4.997729778289795,0.08932692090567507
986,0.0156491007655859,4.999300003051758,0.07823454950515085
987,0.020574700087308884,4.997179985046387,0.1028154794746321
988,0.012194800190627575,5.001619815826416,0.060993754283486634
989,0.0143758999183774,4.999589920043945,0.07187360432348022
990,0.016556700691580772,5.000699996948242,0.08279509309786093
991,0.01142670027911663,4.999549865722656,0.05712835784611059
992,0.014363800175487995,5.0010600090026855,0.07183422663493877
993,0.010896599851548672,4.999279975891113,0.05447515344314535
994,0.017373299226164818,4.989389896392822,0.08668216362603598
995,0.009329999797046185,5.007490158081055,0.04671988215860701
996,0.014913099817931652,5.000679969787598,0.07457563954697388
997,0.017993200570344925,4.999800205230713,0.08996240790436794
998,0.014576800167560577,5.001130104064941,0.07290047413892609
999,0.022458000108599663,5.001319885253906,0.11231964252617388
